{
    "accuracy": 0.7937548188126445,
    "precision": 0.7808641975308642,
    "recall": 0.8012668250197942,
    "auc": 0.8723454882148272
}